[

{
  "model": "patients.ward",
  "pk": 1,
  "fields": {
    "owner": null,
    "added": "2016-02-10T18:01:26.314Z",
    "updated": "2016-02-10T18:01:26.314Z",
    "name": "Female General",
    "gender": "FEMALE"
  }
},
{
  "model": "patients.patient",
  "pk": 1,
  "fields": {
    "owner": 1,
    "added": "2016-01-06T18:49:09.950Z",
    "updated": "2016-02-01T15:02:25.601Z",
    "gender": "MALE",
    "dob": "1976-09-28",
    "firstName": "Jagy",
    "lastName": "Singh",
    "state": "outpatient",
    "user": null,
    "primaryPhysician": 8,
    "schedules": []
  }
},
{
  "model": "patients.patient",
  "pk": 2,
  "fields": {
    "owner": 1,
    "added": "2016-01-06T18:49:54.700Z",
    "updated": "2016-01-15T00:47:25.233Z",
    "gender": "FEMALE",
    "dob": "1991-09-28",
    "firstName": "Chris",
    "lastName": "Vybornykh",
    "state": "outpatient",
    "user": null,
    "primaryPhysician": 8,
    "schedules": []
  }
},
{
  "model": "patients.patient",
  "pk": 3,
  "fields": {
    "owner": 1,
    "added": "2016-01-06T18:50:23.256Z",
    "updated": "2016-02-01T15:05:35.958Z",
    "gender": "FEMALE",
    "dob": "2008-11-26",
    "firstName": "Nehchal",
    "lastName": "Kaur",
    "state": "outpatient",
    "user": null,
    "primaryPhysician": 9,
    "schedules": []
  }
},
{
  "model": "patients.patient",
  "pk": 4,
  "fields": {
    "owner": 2,
    "added": "2016-01-08T19:49:13.867Z",
    "updated": "2016-01-30T14:54:52.838Z",
    "gender": "FEMALE",
    "dob": "1950-05-05",
    "firstName": "manjeet",
    "lastName": "kaur",
    "state": "outpatient",
    "user": null,
    "primaryPhysician": 9,
    "schedules": []
  }
},
{
  "model": "patients.patient",
  "pk": 5,
  "fields": {
    "owner": 1,
    "added": "2016-01-31T15:14:46.121Z",
    "updated": "2016-01-31T15:15:22.054Z",
    "gender": "FEMALE",
    "dob": null,
    "firstName": "Mikey",
    "lastName": "Suzan",
    "state": "outpatient",
    "user": null,
    "primaryPhysician": 9,
    "schedules": []
  }
},
{
  "model": "patients.patient",
  "pk": 6,
  "fields": {
    "owner": null,
    "added": "2016-01-31T15:23:20.550Z",
    "updated": "2016-01-31T15:23:20.550Z",
    "gender": "",
    "dob": null,
    "firstName": "",
    "lastName": "",
    "state": "outpatient",
    "user": null,
    "primaryPhysician": 9,
    "schedules": []
  }
},
{
  "model": "patients.patient",
  "pk": 7,
  "fields": {
    "owner": null,
    "added": "2016-01-31T15:23:27.570Z",
    "updated": "2016-01-31T15:23:27.570Z",
    "gender": "",
    "dob": null,
    "firstName": "",
    "lastName": "",
    "state": "outpatient",
    "user": null,
    "primaryPhysician": null,
    "schedules": []
  }
},
{
  "model": "patients.patient",
  "pk": 8,
  "fields": {
    "owner": null,
    "added": "2016-01-31T15:24:47.189Z",
    "updated": "2016-01-31T15:27:31.177Z",
    "gender": "",
    "dob": null,
    "firstName": "anita",
    "lastName": "harris",
    "state": "outpatient",
    "user": null,
    "primaryPhysician": 9,
    "schedules": []
  }
},
{
  "model": "patients.patient",
  "pk": 9,
  "fields": {
    "owner": null,
    "added": "2016-02-01T18:31:09.348Z",
    "updated": "2016-02-01T18:31:09.348Z",
    "gender": "MALE",
    "dob": "2008-11-26",
    "firstName": "Binita",
    "lastName": "Kaul",
    "state": "outpatient",
    "user": null,
    "primaryPhysician": 11,
    "schedules": []
  }
},
{
  "model": "patients.bed",
  "pk": 1,
  "fields": {
    "owner": 1,
    "added": "2016-01-06T18:51:00.124Z",
    "updated": "2016-01-08T15:29:41.348Z",
    "state": "free",
    "ward": 1,
    "name": "B1",
    "price": "15.00",
    "patient": 2
  }
},
{
  "model": "patients.bed",
  "pk": 2,
  "fields": {
    "owner": 1,
    "added": "2016-01-06T18:51:20.221Z",
    "updated": "2016-01-06T18:51:20.221Z",
    "state": "free",
    "ward": 1,
    "name": "B2",
    "price": "20.00",
    "patient": 3
  }
},
{
  "model": "patients.bed",
  "pk": 3,
  "fields": {
    "owner": 1,
    "added": "2016-01-06T18:51:41.162Z",
    "updated": "2016-01-06T18:51:41.162Z",
    "state": "free",
    "ward": 1,
    "name": "B3",
    "price": "40.00",
    "patient": null
  }
},
{
  "model": "patients.measurementcategory",
  "pk": 1,
  "fields": {
    "owner": 1,
    "added": "2016-01-30T14:48:25.753Z",
    "updated": "2016-01-30T14:48:25.753Z",
    "name": "BloodPressure -Systolic",
    "frequency": 24,
    "typicalMin": null,
    "typicalMax": null
  }
},
{
  "model": "patients.measurementcategory",
  "pk": 2,
  "fields": {
    "owner": 1,
    "added": "2016-01-30T14:48:32.963Z",
    "updated": "2016-01-30T14:48:32.963Z",
    "name": "Fasting Sugar",
    "frequency": 24,
    "typicalMin": null,
    "typicalMax": null
  }
},
{
  "model": "patients.measurementcategory",
  "pk": 3,
  "fields": {
    "owner": 1,
    "added": "2016-01-30T14:48:59.340Z",
    "updated": "2016-01-30T14:48:59.340Z",
    "name": "Weight",
    "frequency": 168,
    "typicalMin": null,
    "typicalMax": null
  }
},
{
  "model": "patients.patientmeasurement",
  "pk": 1,
  "fields": {
    "owner": 1,
    "added": "2016-01-30T14:49:23.585Z",
    "updated": "2016-01-30T14:49:23.585Z",
    "patient": 1,
    "category": 2,
    "notes": ""
  }
},
{
  "model": "patients.patientmeasurement",
  "pk": 11,
  "fields": {
    "owner": 1,
    "added": "2016-01-30T14:49:23.585Z",
    "updated": "2016-01-30T14:49:23.585Z",
    "patient": 1,
    "category": 1,
    "notes": ""
  }
},
{
  "model": "patients.patientmeasurement",
  "pk": 2,
  "fields": {
    "owner": 1,
    "added": "2016-01-30T14:49:38.702Z",
    "updated": "2016-01-30T14:49:38.702Z",
    "patient": 2,
    "category": 2,
    "notes": ""
  }
},
{
  "model": "patients.patientmeasurement",
  "pk": 3,
  "fields": {
    "owner": null,
    "added": "2016-01-31T15:28:05.770Z",
    "updated": "2016-01-31T15:28:05.770Z",
    "patient": 2,
    "category": 1,
    "notes": "once a day"
  }
},
{
  "model": "patients.patientmeasurement",
  "pk": 4,
  "fields": {
    "owner": null,
    "added": "2016-01-31T15:28:22.477Z",
    "updated": "2016-01-31T15:28:22.477Z",
    "patient": 4,
    "category": 2,
    "notes": "in the morning"
  }
},
{
  "model": "patients.patientmeasurement",
  "pk": 5,
  "fields": {
    "owner": null,
    "added": "2016-01-31T15:28:22.477Z",
    "updated": "2016-01-31T15:28:22.477Z",
    "patient": 5,
    "category": 2,
    "notes": "in the morning"
  }
},
{
  "model": "patients.patientmeasurement",
  "pk": 5,
  "fields": {
    "owner": null,
    "added": "2016-01-31T15:28:22.477Z",
    "updated": "2016-01-31T15:28:22.477Z",
    "patient": 5,
    "category": 1,
    "notes": "in the morning"
  }
},
{
  "model": "patients.measurement",
  "pk": 1,
  "fields": {
    "owner": 1,
    "added": "2016-01-30T14:52:50.019Z",
    "updated": "2016-01-30T14:52:50.019Z",
    "patientMeasurement": 1,
    "value": "4.70",
    "date": "2016-01-30T14:51:02Z",
    "notes": ""
  }
},
{
  "model": "patients.measurement",
  "pk": 2,
  "fields": {
    "owner": 1,
    "added": "2016-01-30T14:53:12.355Z",
    "updated": "2016-01-30T14:53:12.355Z",
    "patientMeasurement": 1,
    "value": "2.40",
    "date": "2016-01-11T14:53:01Z",
    "notes": ""
  }
},
{
  "model": "patients.measurement",
  "pk": 3,
  "fields": {
    "owner": 1,
    "added": "2016-01-30T14:53:36.123Z",
    "updated": "2016-01-30T14:53:36.123Z",
    "patientMeasurement": 1,
    "value": "3.40",
    "date": "2016-01-28T14:53:28Z",
    "notes": ""
  }
},
{
  "model": "patients.measurement",
  "pk": 4,
  "fields": {
    "owner": 1,
    "added": "2016-01-30T14:54:06.084Z",
    "updated": "2016-01-30T14:54:06.084Z",
    "patientMeasurement": 1,
    "value": "8.01",
    "date": "2016-01-22T14:53:49Z",
    "notes": "Ate too much food last night"
  }
},
{
  "model": "patients.measurement",
  "pk": 5,
  "fields": {
    "owner": null,
    "added": "2016-02-01T15:52:45.116Z",
    "updated": "2016-02-01T15:52:45.116Z",
    "patientMeasurement": 3,
    "value": "2.40",
    "date": "2015-02-03T00:00:00Z",
    "notes": ""
  }
},
{
  "model": "patients.measurement",
  "pk": 6,
  "fields": {
    "owner": null,
    "added": "2016-02-01T15:53:35.747Z",
    "updated": "2016-02-01T15:53:35.748Z",
    "patientMeasurement": 3,
    "value": "5.70",
    "date": "2015-12-31T00:00:00Z",
    "notes": ""
  }
},
{
  "model": "patients.measurement",
  "pk": 7,
  "fields": {
    "owner": null,
    "added": "2016-02-01T16:26:15.779Z",
    "updated": "2016-02-01T16:26:15.779Z",
    "patientMeasurement": 4,
    "value": "2.90",
    "date": "2016-01-11T00:00:00Z",
    "notes": ""
  }
},
{
  "model": "patients.measurement",
  "pk": 8,
  "fields": {
    "owner": null,
    "added": "2016-02-01T16:39:07.088Z",
    "updated": "2016-02-09T19:11:04.200Z",
    "patientMeasurement": 4,
    "value": "6.50",
    "date": "2015-12-31T00:00:00Z",
    "notes": ""
  }
},
{
  "model": "patients.measurement",
  "pk": 9,
  "fields": {
    "owner": null,
    "added": "2016-02-01T16:39:35.455Z",
    "updated": "2016-02-01T16:39:35.455Z",
    "patientMeasurement": 5,
    "value": "8.00",
    "date": "2016-01-22T00:00:00Z",
    "notes": ""
  }
},
{
  "model": "patients.measurement",
  "pk": 10,
  "fields": {
    "owner": null,
    "added": "2016-02-01T18:00:31.166Z",
    "updated": "2016-02-09T19:10:40.939Z",
    "patientMeasurement": 5,
    "value": "7.00",
    "date": "2016-02-11T00:00:00Z",
    "notes": ""
  }
},
{
  "model": "patients.measurement",
  "pk": 11,
  "fields": {
    "owner": null,
    "added": "2016-02-01T18:00:55.992Z",
    "updated": "2016-02-09T19:09:13.996Z",
    "patientMeasurement": 1,
    "value": "4.12",
    "date": "2016-02-01T00:00:00Z",
    "notes": ""
  }
},
{
  "model": "patients.measurement",
  "pk": 12,
  "fields": {
    "owner": null,
    "added": "2016-02-01T18:28:24.068Z",
    "updated": "2016-02-09T19:11:35.506Z",
    "patientMeasurement": 4,
    "value": "11.88",
    "date": "2016-02-01T00:00:00Z",
    "notes": ""
  }
},
{
  "model": "patients.measurement",
  "pk": 13,
  "fields": {
    "owner": null,
    "added": "2016-02-01T18:29:01.408Z",
    "updated": "2016-02-09T19:08:54.552Z",
    "patientMeasurement": 2,
    "value": "5.00",
    "date": "2016-02-01T00:00:00Z",
    "notes": ""
  }
},
{
  "model": "patients.measurement",
  "pk": 14,
  "fields": {
    "owner": null,
    "added": "2016-02-01T18:29:01.408Z",
    "updated": "2016-02-09T19:08:54.552Z",
    "patientMeasurement": 11,
    "value": "5.00",
    "date": "2016-02-01T00:00:00Z",
    "notes": ""
  }
},

{
  "model": "patients.measurement",
  "pk": 15,
  "fields": {
    "owner": 1,
    "added": "2016-01-30T14:53:12.355Z",
    "updated": "2016-01-30T14:53:12.355Z",
    "patientMeasurement": 11,
    "value": "135.00",
    "date": "2016-01-10T14:53:01Z",
    "notes": ""
  }
},

{
  "model": "patients.measurement",
  "pk": 16,
  "fields": {
    "owner": 1,
    "added": "2016-01-30T14:53:12.355Z",
    "updated": "2016-01-31T14:53:12.355Z",
    "patientMeasurement": 11,
    "value": "145.00",
    "date": "2016-01-11T14:53:01Z",
    "notes": ""
  }
},

{
  "model": "patients.measurement",
  "pk": 17,
  "fields": {
    "owner": 1,
    "added": "2016-01-30T14:53:12.355Z",
    "updated": "2016-01-30T14:53:12.355Z",
    "patientMeasurement": 11,
    "value": "155.00",
    "date": "2016-01-12T14:53:01Z",
    "notes": ""
  }
},

{
  "model": "commerce.employee",
  "pk": 8,
  "fields": {
    "owner": 1,
    "added": "2016-01-26T15:37:30.195Z",
    "updated": "2016-01-26T15:38:19.050Z",
    "gender": "MALE",
    "dob": "1988-11-05",
    "firstName": "Mikey",
    "lastName": "vivians",
    "department": 4,
    "state": "hired",
    "user": null
  }
},
{
  "model": "commerce.employee",
  "pk": 9,
  "fields": {
    "owner": 1,
    "added": "2016-01-26T15:37:30.195Z",
    "updated": "2016-01-26T15:38:19.050Z",
    "gender": "MALE",
    "dob": "1988-11-01",
    "firstName": "Eric",
    "lastName": "Roberts",
    "department": 4,
    "state": "hired",
    "user": null
  }
},
{
  "model": "commerce.employee",
  "pk": 11,
  "fields": {
    "owner": 1,
    "added": "2016-01-26T15:37:30.195Z",
    "updated": "2016-01-30T00:18:31.121Z",
    "gender": "MALE",
    "dob": "1977-09-02",
    "firstName": "Vazzy",
    "lastName": "Slavo",
    "department": 5,
    "state": "hired",
    "user": null
  }
},
{
  "model": "commerce.employee",
  "pk": 12,
  "fields": {
    "owner": 1,
    "added": "2016-01-26T15:37:30.195Z",
    "updated": "2016-01-26T15:38:19.050Z",
    "gender": "FEMALE",
    "dob": "1977-09-02",
    "firstName": "Meena",
    "lastName": "Slavo",
    "department": 5,
    "state": "hired",
    "user": null
  }
},
{
  "model": "commerce.employee",
  "pk": 13,
  "fields": {
    "owner": 1,
    "added": "2016-01-26T15:37:30.195Z",
    "updated": "2016-01-29T20:26:37.048Z",
    "gender": "FEMALE",
    "dob": "1977-09-02",
    "firstName": "Meena",
    "lastName": "Slavo",
    "department": 4,
    "state": "hired",
    "user": null
  }
},
{
  "model": "commerce.employee",
  "pk": 14,
  "fields": {
    "owner": 1,
    "added": "2016-01-26T15:37:30.195Z",
    "updated": "2016-01-26T15:38:19.050Z",
    "gender": "M",
    "dob": "1988-11-01",
    "firstName": "Erica",
    "lastName": "Silva",
    "department": 4,
    "state": "hired",
    "user": null
  }
},
{
  "model": "commerce.employee",
  "pk": 15,
  "fields": {
    "owner": 1,
    "added": "2016-01-26T15:37:30.195Z",
    "updated": "2016-01-29T22:34:43.530Z",
    "gender": "FEMALE",
    "dob": "1988-11-01",
    "firstName": "Lari",
    "lastName": "Kulmer",
    "department": 3,
    "state": "hired",
    "user": null
  }
},
{
  "model": "commerce.employee",
  "pk": 16,
  "fields": {
    "owner": 1,
    "added": "2016-01-26T15:37:30.195Z",
    "updated": "2016-01-26T15:38:19.050Z",
    "gender": "",
    "dob": "1988-11-01",
    "firstName": "john",
    "lastName": "papa",
    "department": 3,
    "state": "hired",
    "user": null
  }
},
{
  "model": "commerce.employee",
  "pk": 17,
  "fields": {
    "owner": 1,
    "added": "2016-01-26T15:37:30.195Z",
    "updated": "2016-01-26T15:38:19.050Z",
    "gender": "FEMALE",
    "dob": "1988-11-01",
    "firstName": "sylvia",
    "lastName": "kosta",
    "department": 3,
    "state": "hired",
    "user": null
  }
},
{
  "model": "commerce.employee",
  "pk": 18,
  "fields": {
    "owner": 4,
    "added": "2016-01-29T22:22:24.054Z",
    "updated": "2016-01-29T22:22:24.055Z",
    "gender": "",
    "dob": "1988-11-01",
    "firstName": "we",
    "lastName": "wer",
    "department": 4,
    "state": "hired",
    "user": null
  }
},
{
  "model": "commerce.department",
  "pk": 3,
  "fields": {
    "owner": 1,
    "added": "2016-01-26T15:37:13.599Z",
    "updated": "2016-01-29T22:35:20.455Z",
    "name": "IT22"
  }
},
{
  "model": "commerce.department",
  "pk": 4,
  "fields": {
    "owner": 1,
    "added": "2016-01-26T15:37:13.599Z",
    "updated": "2016-01-29T22:29:59.989Z",
    "name": "Finance"
  }
},
{
  "model": "commerce.department",
  "pk": 5,
  "fields": {
    "owner": 1,
    "added": "2016-01-26T15:37:13.599Z",
    "updated": "2016-01-26T15:37:13.599Z",
    "name": "HR-22"
  }
},
{
  "model": "commerce.department",
  "pk": 6,
  "fields": {
    "owner": 1,
    "added": "2016-01-26T15:37:13.599Z",
    "updated": "2016-01-26T15:37:13.599Z",
    "name": "BB"
  }
},
{
  "model": "commerce.department",
  "pk": 7,
  "fields": {
    "owner": 1,
    "added": "2016-01-26T15:37:13.599Z",
    "updated": "2016-01-26T15:37:13.599Z",
    "name": "OneDep"
  }
}
]
